1860–69,1870–79,1880–89,1890–99,1900–09,1910–19,1920–29
Maria,Maria,Anna,Anna,Anna,Anna,Anna
Anna,Anna,Maria,Ida,Martta,Aili,Aino
Ida,Ida,Ida,Hilma,Hilja,Aino,Aune
Amanda,Amanda,Hilda,Maria,Tyyne,Tyyne,Kerttu
Vilhelmiina,Hilma,Hilma,Hilda,Aino,Aune,Aili
Hilda,Hilda,Olga,Hilja,Helmi,Helmi,Eila
Johanna,Olga,Amanda,Olga,Aili,Martta,Hilkka
Matilda,Iida,Iida,Aino,Hilma,Hilja,Helvi
Hilma,Matilda,Alma,Iida,Ida,Kerttu,Sirkka
Edla,Johanna,Selma,Lempi,Lempi,Helvi,Eeva
Eeva,Vilhelmiina,Hilja,Helmi,Elsa,Lempi,Toini
Sofia,Alma,Aina,Martta,Maria,Vieno,Helmi
Helena,Edla,Aino,Elsa,Hilda,Elsa,Irja
Emma,Emma,Johanna,Alma,Olga,Toini,Martta
Iida,Aina,Matilda,Selma,Aune,Sylvi,Tyyne
Olga,Eeva,Hulda,Aina,Elli,Irja,Rauha
Liisa,Aleksandra,Emma,Tyyne,Iida,Rauha,Taimi
Aleksandra,Helena,Fanny,Fanny,Alma,Taimi,Vieno
Kaisa,Kaisa,Edla,Saima,Saima,Elli,Elsa
Eva,Selma,Eeva,Lydia,Ester,Hilma,Maire
Emilia,Emilia,Helena,Hanna,Kerttu,Lyyli,Hilja
Sanna,Liisa,Vilhelmiina,Jenny,Jenny,Eeva,Lempi
Alma,Sofia,Kaisa,Amanda,Aina,Saimi,Sylvi
Erika,Hulda,Lydia,Hulda,Lyyli,Laina,Elli
Miina,Sanna,Elin,Emma,Katri,Anni,Anni
Karoliina,Alina,Elsa,Anni,Saimi,Hilkka,Alli
Amalia,Katri,Hanna,Ester,Siiri,Siiri,Anja
Katri,Miina,Aleksandra,Johanna,Hanna,Elma,Kirsti
Selma,Fanny,Alina,Lyyli,Selma,Impi,Terttu
Maija,Amalia,Liisa,Lyydia,Anni,Jenny,Liisa
Kustaava,Eva,Katri,Eeva,Fanny,Katri,Elma
Anni,Aino,Miina,Katri,Impi,Maria,Irma
Hulda,Lydia,Emilia,Elin,Eeva,Saima,Laina
Leena,Elin,Helmi,Matilda,Sylvi,Ida,Elvi
Josefiina,Hanna,Lyydia,Helena,Alli,Sirkka,Saara
,Karoliina,Sofia,Elli,Ellen,Hilda,Katri
,Anni,Anni,Edla,Rauha,Alli,Saimi
,Lyydia,Tilda,Kaisa,Toini,Bertta,Siiri
,Augusta,Lempi,Edit,Lydia,Ester,Meeri
,Elsa,Eva,Siiri,Vieno,Lahja,Lahja
,Maija,Sanna,Impi,Laina,Olga,Hilma
,Susanna,Aliina,Signe,Helvi,Elvi,Maija
,Leena,Amalia,Ellen,Elna,Hanna,Helli
,Riitta,Jenny,Alina,Taimi,Maire,Lyyli
,Josefiina,Martta,Sigrid,Edit,Iida,Aini
,Tilda,Saima,Tilda,Signe,Alma,Hilda
,Elina,Sigrid,Emilia,Irja,Meeri,Mirjam
,Vilhelmina,Tyyne,Eva,Hulda,Laura,Bertta
,Erika,Fanni,Rauha,Lyydia,Helga,Helga
,Aliina,Josefiina,Liisa,Elma,Selma,Annikki
,Kustaava,Elina,Aili,Bertta,Eva,Salme
,Reeta,Edit,Elina,Elin,Signe,Kaisa
,Rosa,Rosa,Fanni,Johanna,Saara,Jenny
,Loviisa,Reeta,Elna,Emma,Lilja,Lea
,Vendla,Leena,Miina,Fanni,Aini,Hanna
,Marja,Riitta,Saimi,Senja,Irma,Eva
,Henriikka,Augusta,Senja,Aini,Helli,Ester
,Kristiina,Karoliina,Sofia,Eva,Ellen,Impi
,Eliina,Ester,Aliina,Suoma,Linda,Lilja
,Jenny,Vendla,Suoma,Elina,Lea,Maria
,Hilja,Susanna,Sanna,Lahja,Liisa,
,Ulla,Sandra,Vilhelmiina,Kaisa,Elna,
,Fanni,Elli,Laina,Esteri,Suoma,
,Lovisa,Ellen,Lyydi,Karin,Mirjam,
,Josefina,Lyyli,Amalia,Amanda,Eila,
,Fredrika,Vilhelmina,Edith,Sigrid,Kirsti,
,Sigrid,Ada,Ingrid,Saara,Hellin,
,Sandra,Manda,Alli,Hellin,Aina,
,Elisabet,Kustaava,Aleksandra,Helli,Edit,
,Heta,Edith,Linda,Edla,Ilmi,
,Saara,Saara,Bertta,Lyydi,Fanny,
,Kreeta,Julia,Naima,Tilda,Karin,
,Tiina,Signe,Kerttu,Helga,Svea,
,Serafia,Loviisa,Helga,Alina,Elin,
,Stiina,Kristiina,Sandra,Helena,Esteri,
,Eriika,Suoma,Karin,Elvi,Annikki,
,Mari,Maija,Elma,Laura,Sanni,
,Hedvig,Tiina,Ada,Sylvia,Salli,
,Roosa,Rauha,Tekla,Sanni,Hulda,
,Julia,Elisabet,Agnes,Matilda,Laila,
,Justiina,Tekla,Saara,Lilja,Sylvia,
,Alexandra,Eliina,Dagmar,Salli,Anja,
,Vappu,Linda,Rosa,Liisa,,
,Amanta,Agnes,Reeta,Ingrid,,
,Eedla,Ulla,Jenni,Linda,,
,Aurora,Josefina,Eliina,Emmi,,
,Adolfiina,Erika,Naimi,Ilmi,,
,Tekla,Helga,Agda,Jenni,,
,Martta,Ingrid,Irene,Astrid,,
,Karolina,Lyydi,Toini,,,
,Henrika,Impi,Josefiina,,,
,Greta,Bertta,Aune,,,
,Brita,Henriikka,Aini,,,
,Katriina,Naima,Emmi,,,
,Valpuri,Roosa,Manda,,,
,Alviina,Stiina,Ilmi,,,
,Elli,Heta,,,,
,Wilhelmiina,Vappu,,,,
,Ruusa,Ruusa,,,,
,Madilta,Eriika,,,,
